{
    "rmse": 0.7421307256601011,
    "mae": 0.6057600309456217,
    "r2": 0.1374104852728968
}